name,country,age,wealth,residence,year
William Gates III,United States,53,40,United States,2009
Warren Buffett,United States,78,37,United States,2009
Carlos Slim Helu & family,Mexico,69,35,Mexico,2009
Lawrence Ellison,United States,64,22.5,United States,2009
Ingvar Kamprad & family,Sweden,83,22,Switzerland,2009
Karl Albrecht,Germany,89,21.5,Germany,2009
Mukesh Ambani,India,51,19.5,India,2009
Lakshmi Mittal,India,58,19.3,United Kingdom,2009
Theo Albrecht,Germany,87,18.8,Germany,2009
Amancio Ortega,Spain,73,18.3,Spain,2009
Jim Walton,United States,61,17.8,United States,2009
Alice Walton,United States,59,17.6,United States,2009
Christy Walton & family,United States,54,17.6,United States,2009
S Robson Walton,United States,65,17.6,United States,2009
Bernard Arnault,France,60,16.5,France,2009
Li Ka-shing,Hong Kong,80,16.2,Hong Kong,2009
Michael Bloomberg,United States,67,16,United States,2009
Stefan Persson,Sweden,61,14.5,Sweden,2009
Charles Koch,United States,73,14,United States,2009
David Koch,United States,68,14,United States,2009
Liliane Bettencourt,France,86,13.4,France,2009
Prince Alwaleed Bin Talal Alsaud,Saudi Arabia,54,13.3,Saudi Arabia,2009
Michael Otto & family,Germany,65,13.2,Germany,2009
David Thomson & family,Canada,51,13,Canada,2009
Michael Dell,United States,44,12.3,United States,2009
Donald Bren,United States,76,12,United States,2009
Sergey Brin,United States,35,12,United States,2009
Larry Page,United States,36,12,United States,2009
Steven Ballmer,United States,53,11,United States,2009
Gerald Cavendish Grosvenor & family,United Kingdom,57,11,United Kingdom,2009
George Soros,United States,78,11,United States,2009
Paul Allen,United States,56,10.5,United States,2009
Kwok family,Hong Kong,n/a,10.5,Hong Kong,2009
Anil Ambani,India,49,10.1,India,2009
Abigail Johnson,United States,47,10,United States,2009
Susanne Klatten,Germany,46,10,Germany,2009
Ronald Perelman,United States,66,10,United States,2009
Hans Rausing,Sweden,83,10,United Kingdom,2009
Birgit Rausing & family,Sweden,85,9.9,Switzerland,2009
Michele Ferrero & family,Italy,82,9.5,Monaco,2009
Mikhail Prokhorov,Russia,43,9.5,Russia,2009
Jack Taylor & family,United States,86,9.5,United States,2009
Mohammed Al Amoudi,Saudi Arabia,63,9,Saudi Arabia,2009
Anne Cox Chambers,United States,89,9,United States,2009
Carl Icahn,United States,73,9,United States,2009
George Kaiser,United States,66,9,United States,2009
Lee Shau Kee,Hong Kong,81,9,Hong Kong,2009
Forrest Mars Jr,United States,77,9,United States,2009
Jacqueline Mars,United States,69,9,United States,2009
John Mars,United States,72,9,United States,2009
Roman Abramovich,Russia,42,8.5,Russia,2009
Ernesto Bertarelli,Switzerland,43,8.2,Switzerland,2009
Philip Knight,United States,71,8.2,United States,2009
Nasser Al-Kharafi & family,Kuwait,65,8.1,Kuwait,2009
James Simons,United States,70,8,United States,2009
Alain & Gerard Wertheimer,France,n/a,8,n/a,2009
Abdul Aziz Al Ghurair & family,United Arab Emirates,55,7.8,United Arab Emirates,2009
Vagit Alekperov,Russia,58,7.8,Russia,2009
Sunil Mittal & family,India,51,7.7,India,2009
Francois Pinault & family,France,72,7.6,France,2009
Eike Batista,Brazil,52,7.5,Brazil,2009
Mohamed Bin Issa Al Jaber,Saudi Arabia,50,7,Saudi Arabia,2009
Maan Al-Sanea,Saudi Arabia,54,7,Saudi Arabia,2009
Edward Johnson III,United States,78,7,United States,2009
Ananda Krishnan,Malaysia,70,7,Malaysia,2009
Robert Kuok,Malaysia,85,7,Hong Kong,2009
Joseph Safra,Brazil,70,7,Brazil,2009
Jeffrey Bezos,United States,45,6.8,United States,2009
August von Finck,Germany,79,6.7,Switzerland,2009
Silvio Berlusconi & family,Italy,72,6.5,Italy,2009
Leonardo Del Vecchio,Italy,73,6.3,Italy,2009
Curt Engelhorn,Germany,82,6.3,Switzerland,2009
Mikhail Fridman,Russia,44,6.3,Russia,2009
Sulaiman Al Rajhi,Saudi Arabia,89,6.2,Saudi Arabia,2009
James Goodnight,United States,66,6.1,United States,2009
Iris Fontbona & family,Chile,n/a,6,Chile,2009
Petr Kellner,Czech Republic,44,6,Czech Republic,2009
John Kluge,United States,94,6,United States,2009
John Paulson,United States,53,6,United States,2009
Tadashi Yanai & family,Japan,60,6,Japan,2009
Dan Duncan,United States,76,5.9,United States,2009
Eliodoro Matte & family,Chile,63,5.9,Chile,2009
Alberto Bailleres & family,Mexico,76,5.7,Mexico,2009
Azim Premji,India,63,5.7,India,2009
Hansjorg Wyss,Switzerland,74,5.7,United States,2009
Shashi & Ravi Ruia,India,65,5.6,India,2009
Steven Cohen,United States,53,5.5,United States,2009
Ng Teng Fong & family,Singapore,80,5.5,Singapore,2009
Patrick Soon-Shiong,United States,57,5.5,United States,2009
Serge Dassault & family,France,83,5.4,France,2009
Erivan Haub & family,Germany,76,5.4,Germany,2009
Jorge Paulo Lemann,Brazil,69,5.3,Brazil,2009
Eli Broad,United States,75,5.2,United States,2009
Kunio Busujima & family,Japan,83,5.2,Japan,2009
Karl-Heinz Kipp,Germany,85,5.2,Switzerland,2009
Vladimir Lisin,Russia,52,5.2,Russia,2009
Reinhold Wurth,Germany,73,5.2,Germany,2009
Philip Anschutz,United States,69,5,United States,2009
Kirk Kerkorian,United States,91,5,United States,2009
Nicky Oppenheimer & family,South Africa,63,5,South Africa,2009
David & Simon Reuben,United Kingdom,n/a,5,United Kingdom,2009
Kushal Pal Singh,India,77,5,India,2009
Galen Weston & family,Canada,68,5,Canada,2009
Mansour bin Zayed Al Nahayan,United Arab Emirates,39,4.9,United Arab Emirates,2009
Philip & Cristina Green,United Kingdom,57,4.8,United Kingdom,2009
Antonia Johnson,Sweden,65,4.8,Sweden,2009
Klaus-Michael Kuhne,Germany,71,4.7,Switzerland,2009
Charlene de Carvalho-Heineken,Netherlands,54,4.6,United Kingdom,2009
Stefan Quandt,Germany,42,4.6,Germany,2009
Robert Bass,United States,61,4.5,United States,2009
David Geffen,United States,66,4.5,United States,2009
Graeme Hart,New Zealand,53,4.5,New Zealand,2009
James Kennedy,United States,61,4.5,United States,2009
Paul Milstein & family,United States,86,4.5,United States,2009
Blair Parry-Okeden,United States,58,4.5,Australia,2009
Henry Ross Perot Sr,United States,78,4.5,United States,2009
Hasso Plattner,Germany,65,4.5,Germany,2009
Hiroshi Yamauchi,Japan,81,4.5,Japan,2009
Alexander Abramov,Russia,50,4.4,Russia,2009
Richard DeVos,United States,83,4.4,United States,2009
Eric Schmidt,United States,53,4.4,United States,2009
Leonid Fedun,Russia,52,4.3,Russia,2009
Alexei Mordashov,Russia,43,4.3,Russia,2009
Kumar Birla,India,41,4.2,India,2009
Michael Kadoorie & family,Hong Kong,68,4.2,Hong Kong,2009
Akira Mori & family,Japan,72,4.2,Japan,2009
Robert Rowling,United States,55,4.2,United States,2009
Ricardo Salinas Pliego & family,Mexico,53,4.2,Mexico,2009
Dennis Washington,United States,74,4.2,United States,2009
Karl Wlaschek,Austria,91,4.2,Austria,2009
Johanna Quandt,Germany,82,4.1,Germany,2009
Leonard Blavatnik,United States,51,4,United Kingdom,2009
Cheng Yu-tung,Hong Kong,83,4,Hong Kong,2009
John Fredriksen,Cyprus,64,4,United Kingdom,2009
German Khan,Russia,47,4,Russia,2009
Joseph Lau,Hong Kong,57,4,Hong Kong,2009
Richard LeFrak & family,United States,63,4,United States,2009
John Menard Jr,United States,69,4,United States,2009
Rupert Murdoch,United States,78,4,United States,2009
Donald Newhouse,United States,79,4,United States,2009
Samuel Newhouse Jr,United States,81,4,United States,2009
Sammy Ofer & family,Israel,87,4,Monaco,2009
Ira Rennert,United States,75,4,United States,2009
Julio Mario Santo Domingo,Colombia,85,4,Colombia,2009
Leonard Stern,United States,71,4,United States,2009
Charles Ergen,United States,56,3.9,United States,2009
"James, Arthur & John Irving",Canada,n/a,3.9,Canada,2009
Harold Simmons,United States,77,3.9,United States,2009
Gustavo Cisneros & family,Venezuela,63,3.8,Venezuela,2009
Spiro Latsis & family,Greece,62,3.8,Switzerland,2009
Bernard Ecclestone & family,United Kingdom,78,3.7,United Kingdom,2009
Eitaro Itoyama,Japan,66,3.7,Japan,2009
Dietrich Mateschitz,Austria,64,3.7,Austria,2009
Masayoshi Son,Japan,51,3.7,Japan,2009
Chaleo Yoovidhya,Thailand,77,3.7,Thailand,2009
Pauline MacMillan Keinath,United States,75,3.6,United States,2009
Cargill MacMillan Jr,United States,82,3.6,United States,2009
Whitney MacMillan,United States,80,3.6,United States,2009
Pierre Omidyar,United States,41,3.6,United States,2009
Marion MacMillan Pictet,United States,76,3.6,Bermuda,2009
Anton Schlecker,Germany,64,3.6,Germany,2009
Andreas Strungmann,Germany,59,3.6,Germany,2009
Thomas Strungmann,Germany,59,3.6,Germany,2009
William Cook,United States,77,3.5,United States,2009
Oleg Deripaska,Russia,41,3.5,Russia,2009
Stanley Druckenmiller,United States,55,3.5,United States,2009
Harold Hamm,United States,63,3.5,United States,2009
Saleh Kamel,Saudi Arabia,67,3.5,Saudi Arabia,2009
Bruce Kovner,United States,64,3.5,United States,2009
Nobutada Saji & family,Japan,63,3.5,Japan,2009
Maria-Elisabeth & Georg Schaeffler,Germany,n/a,3.5,Germany,2009
Charles Schwab,United States,71,3.5,United States,2009
Stef Wertheimer & family,Israel,83,3.5,Israel,2009
Aloys Wobben,Germany,57,3.5,Germany,2009
Daniel Ziff,United States,37,3.5,United States,2009
Dirk Ziff,United States,44,3.5,United States,2009
Robert Ziff,United States,42,3.5,United States,2009
Sheldon Adelson,United States,75,3.4,United States,2009
Jeronimo Arango & family,Mexico,83,3.4,Mexico,2009
Heinz-Horst Deichmann,Germany,82,3.4,Germany,2009
Steven Jobs,United States,54,3.4,United States,2009
Hiroshi Mikitani,Japan,44,3.4,Japan,2009
Saleh Al Rajhi,Saudi Arabia,97,3.3,Saudi Arabia,2009
Americo Amorim,Portugal,74,3.3,Portugal,2009
Charles Cadogan & family,United Kingdom,72,3.3,United Kingdom,2009
Adi Godrej & family,India,66,3.3,India,2009
Iskander Makhmudov,Russia,45,3.3,Russia,2009
David Murdock,United States,85,3.3,United States,2009
Tsai Wan-Tsai & family,Taiwan,79,3.3,Taiwan,2009
Ty Warner,United States,65,3.3,United States,2009
Jean-Claude Decaux & family,France,71,3.2,France,2009
Boris Ivanishvili,Russia,53,3.2,Georgia,2009
Richard Kinder,United States,65,3.2,United States,2009
Theodore Lerner,United States,83,3.2,United States,2009
Stephen Ross,United States,68,3.2,United States,2009
Lester Crown & family,United States,83,3.1,United States,2009
Aloysio de Andrade Faria,Brazil,88,3.1,Brazil,2009
Stein Erik Hagen & family,Norway,52,3.1,Norway,2009
Bradley Hughes,United States,75,3.1,United States,2009
Suleiman Kerimov,Russia,43,3.1,Russia,2009
Alexei Kuzmichev,Russia,46,3.1,Russia,2009
Dmitry Rybolovlev,Russia,42,3.1,Russia,2009
John Sall,United States,60,3.1,United States,2009
Nassef Sawiris,Egypt,47,3.1,Egypt,2009
Majid Al Futtaim,United Arab Emirates,n/a,3,United Arab Emirates,2009
Ronald Burkle,United States,56,3,United States,2009
Robert Holding,United States,82,3,United States,2009
Heidi Horten,Austria,68,3,Austria,2009
Henry Kravis,United States,65,3,United States,2009
E Stanley Kroenke,United States,61,3,United States,2009
Lee Kun-Hee,South Korea,67,3,South Korea,2009
Liu Yongxing,China,60,3,China,2009
George Lucas,United States,64,3,United States,2009
Naguib Sawiris,Egypt,54,3,Egypt,2009
Dilip Shanghvi,India,53,3,India,2009
John Sobrato & family,United States,69,3,United States,2009
Steven Spielberg,United States,62,3,United States,2009
Dorothea Steinbruch & family,Brazil,n/a,3,Brazil,2009
Heinz Hermann Thiele & family,Germany,67,3,Germany,2009
Samuel Zell,United States,67,3,United States,2009
Micky Arison,United States,59,2.9,United States,2009
Bahaa Hariri,Switzerland,42,2.9,Switzerland,2009
Husnu Ozyegin,Turkey,64,2.9,Turkey,2009
Saif Al Ghurair & family,United Arab Emirates,n/a,2.8,United Arab Emirates,2009
Giorgio Armani,Italy,74,2.8,Italy,2009
Antonio Ermirio de Moraes & family,Brazil,80,2.8,Brazil,2009
Simon Halabi,United Kingdom,59,2.8,United Kingdom,2009
Michael Herz,Germany,63,2.8,Germany,2009
Wolfgang Herz,Germany,58,2.8,Germany,2009
Paul Tudor Jones II,United States,54,2.8,United States,2009
Mehmet Emin Karamehmet,Turkey,64,2.8,Turkey,2009
Ralph Lauren,United States,69,2.8,United States,2009
Hermann Schnabel,Germany,88,2.8,Germany,2009
Shari Arison,Israel,51,2.7,Israel,2009
John Arnold,United States,35,2.7,United States,2009
Martin & Olivier Bouygues,France,56/58,2.7,France,2009
Walter Haefner,Switzerland,98,2.7,Switzerland,2009
Otto Happel,Germany,61,2.7,Switzerland,2009
Savitri Jindal,India,59,2.7,India,2009
Lee Shin Cheng,Malaysia,69,2.7,Malaysia,2009
Frank Lowy & family,Australia,78,2.7,Australia,2009
Thomas Schmidheiny,Switzerland,63,2.7,Switzerland,2009
Henry Sy & family,Philippines,84,2.7,Philippines,2009
Oprah Winfrey,United States,55,2.7,United States,2009
Zhang Jindong,China,46,2.7,China,2009
Otto Beisheim,Germany,85,2.6,Switzerland,2009
Paul Desmarais,Canada,82,2.6,Canada,2009
Barbara Piasecka Johnson,United States,72,2.6,Monaco,2009
Ann Walton Kroenke,United States,60,2.6,United States,2009
German Larrea Mota Velasco & family,Mexico,55,2.6,Mexico,2009
Sergio Mantegazza,Switzerland,81,2.6,Switzerland,2009
Rosalia Mera,Spain,65,2.6,Spain,2009
Gordon Moore,United States,80,2.6,United States,2009
Victor Pinchuk,Ukraine,48,2.6,Ukraine,2009
George Roberts,United States,65,2.6,United States,2009
Michael & Rainer Schmidt-Ruthenbeck,Germany,n/a,2.6,Germany,2009
Malvinder & Shivinder Singh,India,33,2.6,India,2009
Tsai Eng Meng,Taiwan,52,2.6,Taiwan,2009
Peter Woo & family,Hong Kong,63,2.6,Hong Kong,2009
Zhou Chengjian & family,China,44,2.6,China,2009
Riley Bechtel,United States,57,2.5,United States,2009
Stephen Bechtel Jr,United States,83,2.5,United States,2009
Richard Branson,United Kingdom,58,2.5,United Kingdom,2009
Edgar Bronfman Sr,United States,79,2.5,United States,2009
Ray Dalio,United States,59,2.5,United States,2009
Aliko Dangote,Nigeria,51,2.5,Nigeria,2009
John Paul DeJoria,United States,65,2.5,United States,2009
Ray Lee Hunt,United States,66,2.5,United States,2009
Charles Johnson,United States,76,2.5,United States,2009
Guy Laliberte,Canada,49,2.5,Canada,2009
Joseph Lewis,United Kingdom,72,2.5,Bahamas,2009
Liu Yonghao,China,57,2.5,China,2009
Pallonji Mistry,Ireland,79,2.5,India,2009
Reinhard Mohn & family,Germany,87,2.5,Germany,2009
James Packer,Australia,41,2.5,Australia,2009
Viktor Rashnikov,Russia,60,2.5,Russia,2009
Haim Saban,United States,64,2.5,United States,2009
Stephan Schmidheiny,Switzerland,61,2.5,Switzerland,2009
Stephen Schwarzman,United States,62,2.5,United States,2009
Bernard (Barry) Sherman,Canada,67,2.5,Canada,2009
David Sun,United States,57,2.5,United States,2009
Takemitsu Takizaki,Japan,63,2.5,Japan,2009
Teh Hong Piow,Malaysia,79,2.5,Malaysia,2009
John Tu,United States,67,2.5,United States,2009
Bernard Broermann,Germany,65,2.4,Germany,2009
Clive Calder,United Kingdom,62,2.4,Cayman Islands,2009
Albert Frere,Belgium,83,2.4,Belgium,2009
Alain Merieux & family,France,71,2.4,France,2009
Leonid Mikhelson,Russia,53,2.4,Russia,2009
Sergei Popov,Russia,37,2.4,Russia,2009
Luis Carlos Sarmiento,Colombia,76,2.4,Colombia,2009
Glen Taylor,United States,67,2.4,United States,2009
Marcel Herrmann Telles,Brazil,59,2.4,Brazil,2009
Joan Tisch,United States,83,2.4,United States,2009
William Wrigley Jr,United States,45,2.4,United States,2009
Isak Andic,Spain,54,2.3,Spain,2009
Mark Cuban,United States,50,2.3,United States,2009
Ray Dolby,United States,76,2.3,United States,2009
John Dorrance III,Ireland,65,2.3,Ireland,2009
Philip Falcone,United States,45,2.3,United States,2009
Nancy Walton Laurie,United States,57,2.3,United States,2009
Mitchell Rales,United States,52,2.3,United States,2009
Richard Schulze,United States,68,2.3,United States,2009
Yang Huiyan,China,27,2.3,China,2009
Pierre Bellon & family,France,79,2.2,France,2009
Charles Butt & family,United States,71,2.2,United States,2009
Malcolm Glazer & family,United States,80,2.2,United States,2009
Laurence Graff,United Kingdom,70,2.2,Switzerland,2009
Masatoshi Ito,Japan,84,2.2,Japan,2009
James Jannard,United States,59,2.2,United States,2009
Rupert Johnson Jr,United States,67,2.2,United States,2009
Patrick McGovern,United States,71,2.2,United States,2009
Denis O'Brien,Ireland,50,2.2,Ireland,2009
A Jerrold Perenchio,United States,78,2.2,United States,2009
David Rockefeller Sr,United States,93,2.2,United States,2009
Steven Udvar-Hazy,United States,63,2.2,United States,2009
Michael Ying,Hong Kong,59,2.2,Hong Kong,2009
David Azrieli & family,Canada,86,2.1,Canada,2009
William Davidson,United States,86,2.1,United States,2009
Henry Hillman,United States,90,2.1,United States,2009
Alicia Koplowitz,Spain,56,2.1,Spain,2009
Kjeld Kirk Kristiansen,Denmark,61,2.1,Denmark,2009
Mary Alice Dorrance Malone,United States,59,2.1,United States,2009
Masahiro Miki,Japan,53,2.1,Japan,2009
Robert Miller,Canada,63,2.1,Canada,2009
Jim Pattison,Canada,80,2.1,Canada,2009
Vladimir Potanin,Russia,48,2.1,Russia,2009
Steven Rales,United States,58,2.1,United States,2009
G M Rao,India,58,2.1,India,2009
Moise Safra,Brazil,74,2.1,Brazil,2009
Carlos Alberto Sicupira,Brazil,61,2.1,Brazil,2009
Charoen Sirivadhanabhakdi,Thailand,64,2.1,Thailand,2009
Albert von Thurn und Taxis,Germany,25,2.1,Germany,2009
Sulaiman Algosaibi,Saudi Arabia,n/a,2,Saudi Arabia,2009
Pyotr Aven,Russia,54,2,Russia,2009
David & Frederick Barclay,United Kingdom,75,2,United Kingdom,2009
Lee Bass,United States,52,2,United States,2009
Sid Bass,United States,66,2,United States,2009
Khalid Bin Mahfouz & family,Saudi Arabia,80,2,Saudi Arabia,2009
John de Mol,Netherlands,54,2,Netherlands,2009
Gordon Getty,United States,75,2,United States,2009
Tom Gores,United States,44,2,United States,2009
Terry Gou,Taiwan,58,2,Taiwan,2009
Nicolas Hayek,Switzerland,80,2,Switzerland,2009
Diane Hendricks,United States,62,2,United States,2009
Daniela Herz,Germany,55,2,Germany,2009
Gunter Herz,Germany,68,2,Germany,2009
William Hilton,United States,81,2,United States,2009
H Wayne Huizenga,United States,71,2,United States,2009
Mohammed Ibrahim,United Kingdom,n/a,2,United Kingdom,2009
Micky Jagtiani,India,57,2,United Arab Emirates,2009
Peter Kellogg,United States,66,2,United States,2009
Edward Lampert,United States,46,2,United States,2009
Leonard Lauder,United States,76,2,United States,2009
Ronald Lauder,United States,65,2,United States,2009
James Leprino,United States,71,2,United States,2009
Wallace McCain,Canada,79,2,Canada,2009
Frederik GH Meijer & family,United States,89,2,United States,2009
Lorenzo Mendoza & family,Venezuela,43,2,Venezuela,2009
Najib Mikati,Lebanon,53,2,Lebanon,2009
Taha Mikati,Lebanon,60,2,Lebanon,2009
Arnon Milchan,Israel,64,2,Israel,2009
Michael Milken,United States,62,2,United States,2009
Daniel Och,United States,48,2,United States,2009
Liselott Persson,Sweden,59,2,Sweden,2009
T Boone Pickens,United States,80,2,United States,2009
Richard Rainwater,United States,64,2,United States,2009
Phillip Ruffin,United States,74,2,United States,2009
Alexandra Schorghuber,Germany,50,2,Germany,2009
Shen Wenrong,China,63,2,China,2009
Sheldon Solow,United States,80,2,United States,2009
Beny Steinmetz,Israel,52,2,Israel,2009
Ronda Stryker,United States,54,2,United States,2009
Olav Thon,Norway,85,2,Norway,2009
Bruce Wasserstein,United States,61,2,United States,2009
Vladimir Bogdanov,Russia,57,1.9,Russia,2009
Bennett Dorrance,United States,63,1.9,United States,2009
"Archie Aldis ""Red"" Emmerson",United States,79,1.9,United States,2009
Andrew Forrest,Australia,47,1.9,Australia,2009
William Gross,United States,64,1.9,United States,2009
Mikhail Gutseriev,Russia,51,1.9,United Kingdom,2009
Amos Hostetter Jr,United States,72,1.9,United States,2009
Michael Jaharis,United States,80,1.9,United States,2009
H Fisk Johnson,United States,50,1.9,United States,2009
Imogene Powers Johnson,United States,79,1.9,United States,2009
S Curtis Johnson,United States,53,1.9,United States,2009
Helen Johnson-Leipold,United States,52,1.9,United States,2009
Winnie Johnson-Marquart,United States,49,1.9,United States,2009
Manuel Jove,Spain,67,1.9,Spain,2009
George Mitchell,United States,89,1.9,United States,2009
Quek Leng Chan,Malaysia,68,1.9,Malaysia,2009
Gina Rinehart,Australia,55,1.9,Australia,2009
"Robert E ""Ted"" Turner",United States,70,1.9,United States,2009
Eugen Viehof & family,Germany,92,1.9,Germany,2009
Wee Cho Yaw & family,Singapore,80,1.9,Singapore,2009
Zong Qinghou,China,63,1.9,China,2009
Gautam Adani,India,46,1.8,India,2009
Rinat Akhmetov,Ukraine,42,1.8,Ukraine,2009
Abdulla Al Futtaim,United Arab Emirates,n/a,1.8,United Arab Emirates,2009
Mohammed Al Issa,Saudi Arabia,n/a,1.8,Saudi Arabia,2009
Abdullah Al Rajhi,Saudi Arabia,n/a,1.8,Saudi Arabia,2009
John Anderson,United States,91,1.8,United States,2009
Nadhmi Auchi,United Kingdom,71,1.8,United Kingdom,2009
Nicolas Berggruen,United States,47,1.8,United States,2009
Charles Bronfman,Canada,77,1.8,Canada,2009
Chen Din Hwa,Hong Kong,86,1.8,Hong Kong,2009
Philippe Foriel-Destezet,France,73,1.8,United Kingdom,2009
Alexander Frolov,Russia,44,1.8,Russia,2009
Frits Goldschmeding,Netherlands,75,1.8,Netherlands,2009
David Gottesman,United States,82,1.8,United States,2009
He Xiangjian & family,China,66,1.8,China,2009
Martha Ingram & family,United States,73,1.8,United States,2009
Jess Jackson,United States,79,1.8,United States,2009
Indu Jain,India,72,1.8,India,2009
Mike Lazaridis,Canada,48,1.8,Canada,2009
Fredrik Lundberg,Sweden,57,1.8,Sweden,2009
Dinu Patriciu,Romania,58,1.8,Romania,2009
Gregorio Perez Companc & family,Argentina,74,1.8,Argentina,2009
Florentino Perez,Spain,62,1.8,Spain,2009
Stewart Rahr,United States,63,1.8,United States,2009
Robert Rich Jr,United States,68,1.8,United States,2009
Edward Roski Jr,United States,70,1.8,United States,2009
Dieter Schnabel,Germany,63,1.8,Germany,2009
Jeffrey Skoll,Canada,44,1.8,United States,2009
John Sperling,United States,88,1.8,United States,2009
Sylvia Stroher,Germany,54,1.8,Germany,2009
Nikolai Tsvetkov,Russia,48,1.8,Russia,2009
Viktor Vekselberg,Russia,51,1.8,Russia,2009
Yeoh Tiong Lay & family,Malaysia,79,1.8,Malaysia,2009
Leonore Annenberg,United States,91,1.7,United States,2009
James Balsillie,Canada,48,1.7,Canada,2009
Frank Batten Sr,United States,82,1.7,United States,2009
Hubert Burda,Germany,69,1.7,Germany,2009
Alan Casden,United States,63,1.7,United States,2009
John Catsimatidis,United States,60,1.7,United States,2009
Charles Dolan & family,United States,82,1.7,United States,2009
Thomas Frist Jr & family,United States,70,1.7,United States,2009
Phillip Frost,United States,72,1.7,United States,2009
William Fung,Hong Kong,61,1.7,Hong Kong,2009
Michael Hartono,Indonesia,69,1.7,Indonesia,2009
R Budi Hartono,Indonesia,68,1.7,Indonesia,2009
William Randolph Hearst III,United States,59,1.7,United States,2009
Esther Koplowitz,Spain,58,1.7,Spain,2009
Shiv Nadar,India,63,1.7,India,2009
Axel Oberwelland,Germany,42,1.7,Germany,2009
Peter Peterson,United States,82,1.7,United States,2009
Onsi Sawiris,Egypt,79,1.7,Egypt,2009
Leslie Wexner,United States,71,1.7,United States,2009
Dean White,United States,85,1.7,United States,2009
Peter Buck,United States,78,1.6,United States,2009
John Caudwell,United Kingdom,56,1.6,United Kingdom,2009
Jim Davis & family,United States,65,1.6,United States,2009
Fred DeLuca,United States,61,1.6,United States,2009
Victor Fung,United States,63,1.6,Hong Kong,2009
Hui Wing Mau,Hong Kong,58,1.6,Hong Kong,2009
Barry Lam,Taiwan,59,1.6,Taiwan,2009
Richard Peery,United States,68,1.6,United States,2009
Stefano Pessina,Italy,67,1.6,Monaco,2009
Bruno Schroder & family,United Kingdom,76,1.6,United Kingdom,2009
Walter Scott Jr,United States,77,1.6,United States,2009
David Shaw,United States,58,1.6,United States,2009
Friede Springer,Germany,66,1.6,Germany,2009
Sukanto Tanoto,Indonesia,59,1.6,Singapore,2009
Sarik Tara,Turkey,78,1.6,Turkey,2009
Donald Trump,United States,62,1.6,United States,2009
Alisher Usmanov,Russia,55,1.6,Russia,2009
Zhang Xin & family,China,44,1.6,China,2009
Ali Ibrahim Agaoglu,Turkey,55,1.5,Turkey,2009
Anil Agarwal,India,55,1.5,United Kingdom,2009
Dennis Albaugh,United States,59,1.5,United States,2009
John Arrillaga,United States,71,1.5,United States,2009
Louis Bacon,United States,50,1.5,United Kingdom,2009
Edward Bass,United States,64,1.5,United States,2009
Carlo Benetton,Italy,65,1.5,Italy,2009
Gilberto Benetton,Italy,67,1.5,Italy,2009
Giuliana Benetton,Italy,71,1.5,Italy,2009
Luciano Benetton,Italy,73,1.5,Italy,2009
Neil Bluhm,United States,71,1.5,United States,2009
Chen Fashu,China,48,1.5,China,2009
Chu Lam Yiu,Hong Kong,39,1.5,Hong Kong,2009
Chung Mong-Koo,South Korea,71,1.5,South Korea,2009
Dermot Desmond,Ireland,59,1.5,Ireland,2009
Abilio dos Santos Diniz,Brazil,72,1.5,Brazil,2009
Israel Englander,United States,60,1.5,United States,2009
Thomas Friedkin,United States,73,1.5,United States,2009
Rolf Gerling,Germany,54,1.5,Switzerland,2009
Kenneth Griffin,United States,40,1.5,United States,2009
Timothy Headington,United States,58,1.5,United States,2009
Hans-Werner Hector,Germany,69,1.5,Germany,2009
Jeffrey Hildebrand,United States,50,1.5,United States,2009
Joseph Jamail Jr,United States,83,1.5,United States,2009
Ryoichi Jinnai,Japan,82,1.5,Japan,2009
Daryl Katz,Canada,47,1.5,Canada,2009
Brad Kelley,United States,52,1.5,United States,2009
Randal Kirk,United States,55,1.5,United States,2009
William Koch,United States,68,1.5,United States,2009
Robert Kraft,United States,67,1.5,United States,2009
Lev Leviev,Israel,53,1.5,United Kingdom,2009
Liang Wengen,China,52,1.5,China,2009
Lu Zhiqiang,China,56,1.5,China,2009
John Malone,United States,68,1.5,United States,2009
Clayton Mathile,United States,68,1.5,United States,2009
Mario Moretti Polegato,Italy,56,1.5,Italy,2009
Henry Ross Perot Jr,United States,50,1.5,United States,2009
Cyrus Poonawalla,India,67,1.5,India,2009
Richard Pratt,Australia,74,1.5,Australia,2009
Sean Quinn & family,Ireland,62,1.5,Ireland,2009
Trevor Rees-Jones,United States,58,1.5,United States,2009
Marc Rich,United States,74,1.5,Switzerland,2009
Kjell Inge Rokke,Norway,50,1.5,Norway,2009
Donald Schneider,United States,73,1.5,United States,2009
Shi Yuzhu,China,47,1.5,China,2009
Thomas Siebel,United States,56,1.5,United States,2009
Jerry Speyer,United States,68,1.5,United States,2009
Katsumi Tada,Japan,63,1.5,Japan,2009
Harry Triguboff,Australia,76,1.5,Australia,2009
Klaus Tschira,Germany,68,1.5,Germany,2009
John Whittaker,United Kingdom,67,1.5,United Kingdom,2009
Stephen Wynn,United States,67,1.5,United States,2009
Zhou Furen & family,China,58,1.5,China,2009
Mortimer Zuckerman,United States,71,1.5,United States,2009
S Daniel Abraham,United States,84,1.4,United States,2009
Francesco Gaetano Caltagirone,Italy,66,1.4,Italy,2009
Leon Charney,United States,67,1.4,United States,2009
William Conway Jr,United States,59,1.4,United States,2009
Phoebe Hearst Cooke,United States,82,1.4,United States,2009
Daniel D'Aniello,United States,62,1.4,United States,2009
Richard Desmond,United Kingdom,57,1.4,United Kingdom,2009
Ennio Doris & family,Italy,68,1.4,Italy,2009
Soichiro Fukutake,Japan,63,1.4,Japan,2009
Saad Hariri,Saudi Arabia,38,1.4,Saudi Arabia,2009
Austin Hearst,United States,56,1.4,United States,2009
David Hearst Jr,United States,63,1.4,United States,2009
George Hearst Jr,United States,81,1.4,United States,2009
Michael Heisley Sr,United States,72,1.4,United States,2009
Stanley Stub Hubbard,United States,75,1.4,United States,2009
Michael Ilitch,United States,79,1.4,United States,2009
Omid Kordestani,United States,45,1.4,United States,2009
Thomas Lee,United States,64,1.4,United States,2009
George Lindemann & family,United States,73,1.4,United States,2009
Carl Lindner Jr & family,United States,89,1.4,United States,2009
Ma Huateng,China,37,1.4,China,2009
Margaret Magerko,United States,43,1.4,United States,2009
Alfred Mann,United States,83,1.4,United States,2009
"Billy Joe ""Red"" McCombs",United States,81,1.4,United States,2009
Drayton McLane Jr,United States,72,1.4,United States,2009
Charles Munger,United States,85,1.4,United States,2009
Igor Olenicoff,United States,66,1.4,United States,2009
David Rich,United States,64,1.4,United States,2009
Hans Riegel,Germany,86,1.4,Germany,2009
Paul Riegel,Germany,82,1.4,Germany,2009
David Rubenstein,United States,59,1.4,United States,2009
Tamir Sapir,United States,61,1.4,United States,2009
Martua Sitorus,Indonesia,49,1.4,Singapore,2009
Peter Sperling,United States,49,1.4,United States,2009
Lucio Tan & family,Philippines,74,1.4,Philippines,2009
Albert Ueltschi,United States,91,1.4,United States,2009
Andreas von Bechtolsheim,Germany,53,1.4,United States,2009
George Argyros,United States,72,1.3,United States,2009
Jose Maria Aristrain,Spain,46,1.3,Spain,2009
Carl Berg,United States,71,1.3,United States,2009
Thomas Bruch,Germany,58,1.3,Germany,2009
Austen Cargill II,United States,58,1.3,United States,2009
James Cargill II,United States,59,1.3,United States,2009
Mary Janet Cargill,United States,85,1.3,United States,2009
Dhanin Chearavanont,Thailand,69,1.3,Thailand,2009
Chung Mong-Joon,South Korea,57,1.3,South Korea,2009
Gustaf Douglas,Sweden,71,1.3,Sweden,2009
Gerald J Ford,United States,64,1.3,United States,2009
B Thomas Golisano,United States,67,1.3,United States,2009
Alec Gores,United States,56,1.3,United States,2009
Jeffrey Greene,United States,54,1.3,United States,2009
Irwin Jacobs,United States,75,1.3,United States,2009
Jeremy Jacobs Sr,United States,69,1.3,United States,2009
Jerral Jones,United States,66,1.3,United States,2009
Herbert Kohler Jr & family,United States,70,1.3,United States,2009
Marianne Liebmann,United States,55,1.3,United States,2009
Lu Guanqiu,China,64,1.3,China,2009
Craig McCaw,United States,59,1.3,United States,2009
Gary Michelson,United States,60,1.3,United States,2009
Patrice Motsepe,South Africa,47,1.3,South Africa,2009
Michael Price,United States,56,1.3,United States,2009
Thomas Pritzker,United States,58,1.3,United States,2009
Raj Rajaratnam,United States,51,1.3,United States,2009
Julian Robertson Jr,United States,77,1.3,United States,2009
Wilbur Ross Jr,United States,71,1.3,United States,2009
Patrick Ryan,United States,71,1.3,United States,2009
Henry Samueli,United States,54,1.3,United States,2009
Emanuele (Lino) Saputo,Canada,72,1.3,Canada,2009
Eduard Shifrin,United Kingdom,48,1.3,United Kingdom,2009
Alexander Shnaider,Canada,40,1.3,Canada,2009
Melvin Simon,United States,82,1.3,United States,2009
Frederick Smith,United States,64,1.3,United States,2009
Helmut Sohmen,Austria,69,1.3,Hong Kong,2009
George Steinbrenner III,United States,78,1.3,United States,2009
Jon Stryker,United States,50,1.3,United States,2009
Yitzhak Tshuva,Israel,60,1.3,Israel,2009
Todd Wagner,United States,48,1.3,United States,2009
Wang Chuanfu,China,43,1.3,China,2009
Ahmet Nazif Zorlu,Turkey,64,1.3,Turkey,2009
Mohamed Al-Bahar,Kuwait,n/a,1.2,Kuwait,2009
Edmund Ansin,United States,73,1.2,United States,2009
Stephen Bisciotti,United States,48,1.2,United States,2009
Arthur Blank,United States,66,1.2,United States,2009
Norman Braman,United States,76,1.2,United States,2009
Charles Brandes,United States,66,1.2,United States,2009
Patokh Chodiev,Belgium,56,1.2,Kazakhstan,2009
Alfred James Clark,United States,81,1.2,United States,2009
William Connor II,United States,59,1.2,Hong Kong,2009
L John Doerr,United States,58,1.2,United States,2009
David Filo,United States,42,1.2,United States,2009
John Fisher,United States,47,1.2,United States,2009
Barbara Carlson Gage & family,United States,66,1.2,United States,2009
Pincus Green,United States,73,1.2,Israel,2009
Roberto Hernandez Ramirez,Mexico,67,1.2,Mexico,2009
Ingeburg Herz,Germany,89,1.2,Germany,2009
Alijan Ibragimov,Kazakhstan,55,1.2,Kazakhstan,2009
Stephen Jarislowsky,Canada,83,1.2,Canada,2009
Ihor Kolomoyskyy,Ukraine,n/a,1.2,Ukraine,2009
Uday Kotak,India,50,1.2,India,2009
Michael Krasny,United States,55,1.2,United States,2009
Guilherme Peirao Leal,Brazil,58,1.2,Brazil,2009
Li Sze Lim,Hong Kong,52,1.2,China,2009
Vincent Lo,Hong Kong,60,1.2,Hong Kong,2009
Alexander Machkevich,Israel,55,1.2,Kazakhstan,2009
Stephen Mandel Jr,United States,53,1.2,United States,2009
Kalanithi Maran,India,43,1.2,India,2009
Bernard Marcus,United States,79,1.2,United States,2009
Robert McNair,United States,72,1.2,United States,2009
Marilyn Carlson Nelson & family,United States,69,1.2,United States,2009
Henry Nicholas III,United States,49,1.2,United States,2009
Femi Otedola,Nigeria,42,1.2,Nigeria,2009
Anthony Pritzker,United States,48,1.2,United States,2009
Jay Robert (JB) Pritzker,United States,44,1.2,United States,2009
Chandru Raheja,India,68,1.2,India,2009
Johann Rupert & family,South Africa,58,1.2,South Africa,2009
Lynn Schusterman,United States,70,1.2,United States,2009
Antonio Luiz Seabra,Brazil,66,1.2,United Kingdom,2009
Kavitark Ram Shriram,United States,52,1.2,United States,2009
Pat Stryker,United States,52,1.2,United States,2009
David Tepper,United States,50,1.2,United States,2009
Wilma Tisch,United States,81,1.2,United States,2009
Peter Unger,Germany,64,1.2,Germany,2009
Vladimir Yevtushenkov,Russia,60,1.2,Russia,2009
Zhang Li,China,56,1.2,China,2009
Zhang Zhixiang,China,42,1.2,China,2009
Kenneth Adams Jr,United States,86,1.1,United States,2009
Khalaf Al Habtoor,United Arab Emirates,59,1.1,United Arab Emirates,2009
Mohammed Al Rajhi,Saudi Arabia,n/a,1.1,Saudi Arabia,2009
Alberto Alcocer,Spain,66,1.1,Spain,2009
Bassam Alghanim,Kuwait,n/a,1.1,Kuwait,2009
Kutayba Alghanim,Kuwait,62,1.1,Kuwait,2009
Michael Ashley,United Kingdom,49,1.1,United Kingdom,2009
Leon Black,United States,57,1.1,United States,2009
Henadiy Boholyubov,Ukraine,47,1.1,Ukraine,2009
Emilio Botin,Spain,74,1.1,Spain,2009
Julio Bozano,Brazil,73,1.1,Brazil,2009
Subhash Chandra,India,58,1.1,India,2009
David Cheriton,Canada,57,1.1,United States,2009
Alberto Cortina,Spain,63,1.1,Spain,2009
William Ding,China,38,1.1,China,2009
Dou Zhenggang,China,55,1.1,China,2009
Kenneth Fisher,United States,58,1.1,United States,2009
John Gandel,Australia,74,1.1,Australia,2009
Alan Gerry,United States,79,1.1,United States,2009
Christopher Goldsbury,United States,66,1.1,United States,2009
David Green,United States,67,1.1,United States,2009
Albert Gubay,United Kingdom,80,1.1,United Kingdom,2009
Guo Guangchang,China,42,1.1,China,2009
Mubariz Gurbanoglu,Turkey,41,1.1,Turkey,2009
Marguerite Harbert,United States,85,1.1,United States,2009
Aymin Hariri,Saudi Arabia,30,1.1,Saudi Arabia,2009
Fahd Hariri,Lebanon,28,1.1,France,2009
John Henry,United States,59,1.1,United States,2009
Huang Wei & family,China,49,1.1,China,2009
James Irsay,United States,49,1.1,United States,2009
Vinod Khosla,United States,54,1.1,United States,2009
Marc Lasry,United States,48,1.1,United States,2009
Richard Li,Hong Kong,42,1.1,Hong Kong,2009
Joseph Mansueto,United States,52,1.1,United States,2009
Anne Windfohr Marion,United States,70,1.1,United States,2009
William Moncrief Jr,United States,89,1.1,United States,2009
John Morgridge,United States,75,1.1,United States,2009
Shigenobu Nagamori,Japan,64,1.1,Japan,2009
Kerr Neilson,Australia,59,1.1,Australia,2009
Or Wai Sheun,Hong Kong,57,1.1,Hong Kong,2009
Nelson Peltz,United States,66,1.1,United States,2009
Penny Pritzker,United States,49,1.1,United States,2009
Ferit Sahenk,Turkey,45,1.1,Turkey,2009
Richard Scaife,United States,76,1.1,United States,2009
Roustam Tariko,Russia,47,1.1,Russia,2009
Murat Ulker,Turkey,49,1.1,Turkey,2009
Hope Hill van Beuren,United States,75,1.1,United States,2009
Murat Vargi,Turkey,60,1.1,Turkey,2009
Martin Viessmann,Germany,55,1.1,Germany,2009
Dieter von Holtzbrinck,Germany,67,1.1,Germany,2009
Charlotte Colket Weber,United States,66,1.1,United States,2009
Margaret Whitman,United States,52,1.1,United States,2009
Jerry Yang,United States,40,1.1,United States,2009
Zhang Guiping & family,China,57,1.1,China,2009
John Abele,United States,72,1,United States,2009
Emilio Azcarraga Jean,Mexico,41,1,Mexico,2009
Bakhytbek Baiseitov,Kazakhstan,n/a,1,Kazakhstan,2009
Enrique Banuelos,Spain,43,1,Spain,2009
Ron Baron,United States,65,1,United States,2009
Thomas Barrack,United States,61,1,United States,2009
Heinz Bauer,Germany,69,1,Germany,2009
Jose Berardo,Portugal,64,1,Portugal,2009
Boris Berezovsky,Russia,63,1,United Kingdom,2009
Bjorgolfur Thor Bjorgolfsson,Iceland,42,1,United Kingdom,2009
David Bonderman,United States,66,1,United States,2009
Ahmet Calik,Turkey,50,1,Turkey,2009
Christopher Chandler,New Zealand,49,1,New Zealand,2009
Richard Chandler,New Zealand,50,1,New Zealand,2009
Cho Tak Wong,Hong Kong,63,1,China,2009
Scott Cook,United States,56,1,United States,2009
Leon G Cooperman,United States,65,1,United States,2009
Bharat Desai & family,United States,56,1,United States,2009
Anurag Dikshit,India,37,1,Gibraltar,2009
Barry Diller,United States,67,1,United States,2009
James Dinan,United States,49,1,United States,2009
Du Shuanghua,China,44,1,China,2009
Glenn Dubin,United States,51,1,United States,2009
David Duffield,United States,68,1,United States,2009
James Dyson,United Kingdom,61,1,United Kingdom,2009
John Edson,United States,76,1,United States,2009
Richard Egan,United States,73,1,United States,2009
Michael Federmann & family,Israel,65,1,Israel,2009
Robert Fisher,United States,55,1,United States,2009
Theodore Forstmann,United States,69,1,United States,2009
Lindsay Fox,Australia,70,1,Australia,2009
James France,United States,64,1,United States,2009
Jean-Claude Gandur,Switzerland,60,1,United Kingdom,2009
Joaquin Guzman Loera,Mexico,54,1,Mexico,2009
Dorrance Hamilton,United States,80,1,United States,2009
Han Chang-Woo & family,Japan,78,1,Japan,2009
Alfredo Harp Helu & family,Mexico,65,1,Mexico,2009
Thomas Hicks,United States,63,1,United States,2009
Stanley Ho,Hong Kong,87,1,Hong Kong,2009
Huang Rulun,China,57,1,China,2009
Morris Kahn,Israel,79,1,Israel,2009
Nasser Khalili,United Kingdom,63,1,United Kingdom,2009
Lev Kvetnoi,Russia,43,1,Russia,2009
Leslie Lampton,United States,84,1,United States,2009
Lee Myung-Hee,South Korea,65,1,South Korea,2009
Michael Lee-Chin,Canada,58,1,Canada,2009
Lin Rong San,Taiwan,n/a,1,Taiwan,2009
Friedhelm Loh,Germany,62,1,Germany,2009
Niels Peter Louis-Hansen,Denmark,61,1,Denmark,2009
Jeffrey Lurie,United States,57,1,United States,2009
William Macaulay,United States,63,1,United States,2009
Andrey Melnichenko,Russia,37,1,Russia,2009
Minoru Mori,Japan,74,1,Japan,2009
Manuel Moroun,United States,81,1,United States,2009
Kenneth Morrison,United Kingdom,77,1,United Kingdom,2009
Tuncay Ozilhan,Turkey,61,1,Turkey,2009
Sebastian Pinera,Chile,59,1,Chile,2009
Daniel Pritzker,United States,50,1,United States,2009
James Pritzker,United States,57,1,United States,2009
Jean (Gigi) Pritzker,United States,47,1,United States,2009
John Pritzker,United States,56,1,United States,2009
Karen Pritzker,United States,51,1,United States,2009
Linda Pritzker,United States,55,1,United States,2009
Sumner Redstone,United States,85,1,United States,2009
Leandro Rizzuto,United States,71,1,United States,2009
Alexander Rovt,United States,56,1,United States,2009
Joanne (JK) Rowling,United Kingdom,43,1,Scotland,2009
Lily Safra,Monaco,71,1,United Kingdom,2009
Filiz Sahenk,Turkey,42,1,Turkey,2009
David Sainsbury,United Kingdom,68,1,United Kingdom,2009
Thomas Sandell,Sweden,48,1,United States,2009
T Denny Sanford,United States,73,1,United States,2009
Madeleine Schickedanz,Germany,65,1,Switzerland,2009
Monika Schoeller,Germany,70,1,Germany,2009
Thomas Secunda,United States,54,1,United States,2009
Walter Shorenstein & family,United States,94,1,United States,2009
Evgeny (Eugene) Shvidler,United States,45,1,United Kingdom,2009
Daniel Snyder,United States,44,1,United States,2009
Zygmunt Solorz-Zak,Poland,52,1,Poland,2009
Peter Sondakh,Indonesia,57,1,Indonesia,2009
Alexander Spanos & family,United States,85,1,United States,2009
Kerry Stokes,Australia,67,1,Australia,2009
Sun Guangxin,China,47,1,China,2009
Henry Swieca,United States,51,1,United States,2009
Tang Yiu & family,Hong Kong,n/a,1,Hong Kong,2009
A Alfred Taubman,United States,85,1,United States,2009
Kenny Troutt,United States,61,1,United States,2009
Stefan von Holtzbrinck,Germany,45,1,Germany,2009
Theodore Waitt,United States,46,1,United States,2009
Arne Wilhelmsen & family,Norway,78,1,Norway,2009
Kamil Yazici,Turkey,79,1,Turkey,2009
Zhu Yicai,China,45,1,China,2009
Igor Zyuzin,Russia,48,1,Russia,2009